fila_excel,categoria,material,cantidad_kg,precio_cop_kg,valor_cop,celda_saldo,code
4,Materia prima,ALTA DENCIDAD,9725.0,5810.0,56502250.0,FI4,PEAD-01
5,Materia prima,CARBONATO,2325.0,2330.0,5417250.0,FI5,CARB-01
6,Materia prima,LINEAL,1200.0,6050.0,7260000.0,FI6,LINEAL-01
7,Materia prima,ADITIVO/Biodegradable,26.55,74000.0,1964700.0,FI7,BIO-01
8,Materia prima,BAJA,1000.0,7600.0,7600000.0,FI8,PEBD-01
9,Materia prima,RECUPERADO BEIGE,1425.4,3500.0,4988900.0,FI9,REC-BEIGE
10,Materia prima,RECUPERADO BLANCO,990.0,3500.0,3465000.0,FI10,REC-BLANCO
14,Pigmento,BLANCO,225.0,11500.0,2587500.0,FI14,PIG-BLANCO
15,Pigmento,BEIGE,125.0,16000.0,2000000.0,FI15,PIG-BEIGE
16,Pigmento,VERDE OSCURO,9.15,15600.0,142740.0,FI16,PIG-VERDE-OSC
17,Pigmento,VERDE CLARO,25.0,15600.0,390000.0,FI17,PIG-VERDE-CLA
18,Pigmento,AZUL,0.0,15000.0,0.0,FI18,PIG-AZUL
19,Pigmento,NARANJA,6.55,13300.0,87115.0,FI19,PIG-NARANJA
20,Pigmento,AMARILLO,14.15,15300.0,216495.0,FI20,PIG-AMARILLO
21,Pigmento,NEGRO,20.3,5300.0,107590.0,FI21,PIG-NEGRO
22,Pigmento,ROJO,3.75,20600.0,77250.0,FI22,PIG-ROJO
26,Tinta,POLY AMA MEDIO A20213 17K,0.0,22868.0,0.0,FI26,TIN-A20213
27,Tinta,POLY AZUL A20342 17K / T. POLY AZUL,17.0,31742.0,539614.0,FI27,TIN-A20342
28,Tinta,POLY AZUL PROCESS A20240 17K,17.0,26476.0,450092.0,FI28,TIN-A20240
29,Tinta,POLY BLANCO A20201 22K / T. POLY BLANCO,22.0,19606.0,431332.0,FI29,TIN-A20201
30,Tinta,POLY NARANJA P-021C A20621 17K,17.0,22595.0,384115.0,FI30,TIN-A20621
31,Tinta,POLY NEGRO INTENSO A20470 / T. POLY,119.0,22918.0,2727242.0,FI31,TIN-A20470
32,Tinta,POLY ROJO P-485 A20125 / T. POLY,51.0,26901.0,1371951.0,FI32,TIN-A20125
33,Tinta,T. POLY MAGENTA PROCESS A20236 17K,17.0,22508.0,382636.0,FI33,TIN-A20236
34,Tinta,POLY AMA PROCESS A20210 17K,17.0,24420.0,415140.0,FI34,TIN-A20210
38,Solvente,SOLVENTE ALCOHOL INDUSTRIAL AL 90%,1400.0,6979.0,9770600.0,FI38,SOLV-01
